Films,Location,Latitude,Longtitude,Distance
"""112 Aina"" ","kersberga, Stockholms ln, Sweden",59.338275100000004,18.071893955315083,946.9629182153053
"""16 x Deutschland - Menschen - Orte - Geschichten"" ","Berlin, Germany",52.5170365,13.3888599,1680.2950557024371
"""4Shorts"" ","Berlin, Germany",52.5170365,13.3888599,1680.2950557024371
"""2XL"" ",Poland,52.215933,19.134422,1739.3510642534993
"""16 Kids and Counting"" ","Morecambe, Lancashire, England, UK",52.5310214,-1.2649062,1859.6536659396459
"""5th Annual British Exopolitics Expo"" ","University of Huddersfield, Huddersfield, West Yorkshire, England, UK",52.5310214,-1.2649062,1859.6536659396459
"""1916 Seachtar Dearmadta"" ","Kilmainham Jail, Dublin, County Dublin, Ireland",53.40642945,-6.287101473674747,1901.888093875246
"""10 sposobov"" ","Kyiv, Ukraine",50.4500336,30.5241361,2124.3604919822787
"""2 x 2"" ","Nador, Morocco",35.051739350000005,-2.824650885931628,3771.3137843262107
"""20 Dakika"" ","Istanbul, Turkey",35.051739350000005,-2.824650885931628,3771.3137843262107
